<?xml version="1.0" encoding="UTF-8"?>
<project-private xmlns="http://www.netbeans.org/ns/project-private/1">
    <editor-bookmarks xmlns="http://www.netbeans.org/ns/editor-bookmarks/2" lastBookmarkId="0"/>
    <open-files xmlns="http://www.netbeans.org/ns/projectui-open-files/2">
        <group>
            <file>file:/C:/Users/USER/Documents/NetBeansProjects/Porjec_Kasir/src/porjec_kasir/Supplier.java</file>
            <file>file:/C:/Users/USER/Documents/NetBeansProjects/Porjec_Kasir/src/porjec_kasir/Pembelian.java</file>
            <file>file:/C:/Users/USER/Documents/NetBeansProjects/Porjec_Kasir/src/porjec_kasir/Penjualan.java</file>
            <file>file:/C:/Users/USER/Documents/NetBeansProjects/Porjec_Kasir/src/porjec_kasir/Menu.java</file>
            <file>file:/C:/Users/USER/Documents/NetBeansProjects/Porjec_Kasir/src/porjec_kasir/EntriSupplier.java</file>
        </group>
    </open-files>
</project-private>
